User_ID,Product_ID,Gender,Age,Occupation,City_Category,Stay_In_Current_City_Years,Marital_Status,Product_Category_1,Purchase
1000001,P00069042,F,0-17,10,A,2,0,3,8370
1000001,P00248942,F,0-17,10,A,2,0,1,15200
1000001,P00087842,F,0-17,10,A,2,0,12,1422
1000001,P00085442,F,0-17,10,A,2,0,12,1057
1000002,P00285442,M,55+,16,C,4+,0,8,7969
1000003,P00193542,M,26-35,15,A,3,0,1,15227
1000004,P00184942,M,46-50,7,B,2,1,1,19215
1000004,P00346142,M,46-50,7,B,2,1,1,15854
1000004,P0097242,M,46-50,7,B,2,1,1,15686
1000005,P00274942,M,26-35,20,A,1,1,8,7871
1000005,P00251242,M,26-35,20,A,1,1,5,5254
1000005,P00014542,M,26-35,20,A,1,1,8,3957
1000005,P00031342,M,26-35,20,A,1,1,8,6073
1000005,P00145042,M,26-35,20,A,1,1,1,15665
1000006,P00231342,F,51-55,9,A,1,0,5,5378
1000006,P00190242,F,51-55,9,A,1,0,4,2079
1000006,P0096642,F,51-55,9,A,1,0,2,13055
1000006,P00058442,F,51-55,9,A,1,0,5,8851
1000007,P00036842,M,36-45,1,B,1,1,1,11788
1000008,P00249542,M,26-35,12,C,4+,1,1,19614
1000008,P00220442,M,26-35,12,C,4+,1,5,8584
1000008,P00156442,M,26-35,12,C,4+,1,8,9872
1000008,P00213742,M,26-35,12,C,4+,1,8,9743
1000008,P00214442,M,26-35,12,C,4+,1,8,5982
1000008,P00303442,M,26-35,12,C,4+,1,1,11927
1000009,P00135742,M,26-35,17,C,0,0,6,16662
1000009,P00039942,M,26-35,17,C,0,0,8,5887
1000009,P00161442,M,26-35,17,C,0,0,5,6973
1000009,P00078742,M,26-35,17,C,0,0,5,5391
1000010,P00085942,F,36-45,1,B,4+,1,2,16352
1000010,P00118742,F,36-45,1,B,4+,1,5,8886
1000010,P00297942,F,36-45,1,B,4+,1,8,5875
1000010,P00266842,F,36-45,1,B,4+,1,5,8854
1000010,P00058342,F,36-45,1,B,4+,1,3,10946
1000010,P00032442,F,36-45,1,B,4+,1,5,5152
1000010,P00105942,F,36-45,1,B,4+,1,5,7089
1000010,P00182642,F,36-45,1,B,4+,1,2,12909
1000010,P00186942,F,36-45,1,B,4+,1,5,8770
1000010,P00155442,F,36-45,1,B,4+,1,1,15212
1000010,P00221342,F,36-45,1,B,4+,1,1,15705
1000010,P00087242,F,36-45,1,B,4+,1,14,7947
1000010,P00111142,F,36-45,1,B,4+,1,1,18963
1000010,P00259342,F,36-45,1,B,4+,1,5,8718
1000010,P0094542,F,36-45,1,B,4+,1,2,16406
1000010,P00148642,F,36-45,1,B,4+,1,6,12642
1000010,P00312142,F,36-45,1,B,4+,1,8,10007
1000010,P00113242,F,36-45,1,B,4+,1,1,11562
1000011,P00192642,F,26-35,1,C,1,0,8,6171
1000011,P00110842,F,26-35,1,C,1,0,1,19327
1000011,P00189642,F,26-35,1,C,1,0,8,8027
1000012,P00304242,M,26-35,12,C,2,0,1,15246
1000012,P00365242,M,26-35,12,C,2,0,5,6865
1000013,P00129542,M,46-50,1,C,3,1,8,5839
1000013,P00140742,M,46-50,1,C,3,1,1,15912
1000013,P00182342,M,46-50,1,C,3,1,1,12107
1000014,P00276642,M,36-45,0,C,0,0,8,5848
1000015,P00334242,M,26-35,7,A,1,0,1,19653
1000015,P00247542,M,26-35,7,A,1,0,8,5958
1000015,P00338442,M,26-35,7,A,1,0,1,11415
1000015,P00275142,M,26-35,7,A,1,0,5,5380
1000015,P00333042,M,26-35,7,A,1,0,5,3594
1000015,P00166242,M,26-35,7,A,1,0,8,4209
1000015,P00161942,M,26-35,7,A,1,0,5,5407
1000015,P00348242,M,26-35,7,A,1,0,8,7803
1000015,P00042142,M,26-35,7,A,1,0,1,11458
1000016,P00244242,F,36-45,0,C,0,1,1,11755
1000016,P00217742,F,36-45,0,C,0,1,5,8702
1000017,P00019342,M,51-55,1,C,0,0,1,15872
1000017,P00100642,M,51-55,1,C,0,0,5,8609
1000017,P00073842,M,51-55,1,C,0,0,1,15172
1000018,P00366542,F,18-25,3,B,3,0,5,1780
1000018,P00190742,F,18-25,3,B,3,0,3,10754
1000018,P00151842,F,18-25,3,B,3,0,4,2802
1000018,P00112642,F,18-25,3,B,3,0,1,19473
1000018,P00118442,F,18-25,3,B,3,0,1,19672
1000018,P00034442,F,18-25,3,B,3,0,1,19313
1000018,P00222242,F,18-25,3,B,3,0,1,15182
1000018,P00118342,F,18-25,3,B,3,0,2,15985
1000018,P00324742,F,18-25,3,B,3,0,2,16454
1000018,P00190042,F,18-25,3,B,3,0,3,13551
1000018,P0094142,F,18-25,3,B,3,0,4,697
1000018,P00138542,F,18-25,3,B,3,0,5,7030
1000018,P00158542,F,18-25,3,B,3,0,5,5430
1000018,P00157542,F,18-25,3,B,3,0,8,8011
1000018,P00044142,F,18-25,3,B,3,0,8,5912
1000019,P00112542,M,0-17,10,A,3,0,1,7746
1000019,P00339542,M,0-17,10,A,3,0,1,19525
1000019,P00127842,M,0-17,10,A,3,0,1,11959
1000019,P00125942,M,0-17,10,A,3,0,1,19172
1000019,P00251342,M,0-17,10,A,3,0,5,8773
1000019,P00249642,M,0-17,10,A,3,0,3,11023
1000019,P00124842,M,0-17,10,A,3,0,11,4654
1000019,P00250642,M,0-17,10,A,3,0,11,4664
1000019,P00058142,M,0-17,10,A,3,0,3,8290
1000019,P00117442,M,0-17,10,A,3,0,5,7011
1000019,P00251642,M,0-17,10,A,3,0,1,4211
1000019,P00244842,M,0-17,10,A,3,0,11,1539
1000021,P00220242,M,18-25,16,B,0,0,3,3055
1000022,P00351142,M,18-25,15,A,4+,0,1,12099
1000022,P00213242,M,18-25,15,A,4+,0,5,8797
1000022,P00195942,M,18-25,15,A,4+,0,3,10681
1000022,P00115642,M,18-25,15,A,4+,0,8,7801
1000022,P0098242,M,18-25,15,A,4+,0,1,15517
1000022,P00262242,M,18-25,15,A,4+,0,1,12098
1000022,P00258742,M,18-25,15,A,4+,0,5,6976
1000022,P00218242,M,18-25,15,A,4+,0,5,5384
1000022,P00021742,M,18-25,15,A,4+,0,5,6973
1000022,P00313042,M,18-25,15,A,4+,0,5,5168
1000022,P00133742,M,18-25,15,A,4+,0,5,3449
1000022,P00077042,M,18-25,15,A,4+,0,5,7177
1000022,P00280542,M,18-25,15,A,4+,0,11,4570
1000022,P00225842,M,18-25,15,A,4+,0,2,9564
1000023,P00278942,M,36-45,0,B,3,1,1,15766
1000023,P00004742,M,36-45,0,B,3,1,6,8481
1000023,P00198042,M,36-45,0,B,3,1,11,6108
1000023,P00177442,M,36-45,0,B,3,1,1,15354
1000023,P00000642,M,36-45,0,B,3,1,1,12015
1000023,P00288942,M,36-45,0,B,3,1,1,15371
1000023,P00270942,M,36-45,0,B,3,1,1,19239
1000023,P00345842,M,36-45,0,B,3,1,2,16137
1000023,P00032042,M,36-45,0,B,3,1,1,11887
1000023,P00313042,M,36-45,0,B,3,1,5,5183
1000023,P00112342,M,36-45,0,B,3,1,13,584
1000023,P00031842,M,36-45,0,B,3,1,1,7601
1000024,P00346642,F,26-35,7,A,3,1,8,2230
1000024,P00205642,F,26-35,7,A,3,1,5,6940
1000024,P00248942,F,26-35,7,A,3,1,1,15774
1000025,P00206442,M,18-25,4,C,4+,0,1,15361
1000025,P00046742,M,18-25,4,C,4+,0,1,15770
1000025,P00120042,M,18-25,4,C,4+,0,1,18974
1000026,P00043242,M,26-35,7,B,2,1,5,1848
1000026,P00057242,M,26-35,7,B,2,1,5,3624
1000026,P00022842,M,26-35,7,B,2,1,5,5275
1000026,P00252042,M,26-35,7,B,2,1,5,5356
1000026,P00042242,M,26-35,7,B,2,1,5,5411
1000026,P00059542,M,26-35,7,B,2,1,2,9734
1000026,P00346642,M,26-35,7,B,2,1,8,7814
1000026,P00021242,M,26-35,7,B,2,1,8,6098
1000026,P00023042,M,26-35,7,B,2,1,5,5195
1000026,P00144242,M,26-35,7,B,2,1,5,5220
1000026,P00101342,M,26-35,7,B,2,1,6,16093
1000026,P00289342,M,26-35,7,B,2,1,5,3702
1000027,P00281742,M,26-35,11,C,1,1,5,8696
1000027,P00266642,M,26-35,11,C,1,1,1,7730
1000027,P00323742,M,26-35,11,C,1,1,8,9836
1000027,P00116342,M,26-35,11,C,1,1,2,16500
1000027,P00117142,M,26-35,11,C,1,1,2,15903
1000028,P00084442,F,26-35,1,C,2,1,13,758
1000028,P00331542,F,26-35,1,C,2,1,5,6904
1000028,P00118742,F,26-35,1,C,2,1,5,8690
1000028,P00178942,F,26-35,1,C,2,1,5,8624
1000028,P00026042,F,26-35,1,C,2,1,8,3904
1000029,P00233542,M,36-45,7,C,1,0,1,19068
1000029,P00127242,M,36-45,7,C,1,0,1,7963
1000029,P00349942,M,36-45,7,C,1,0,1,15511
1000029,P00303342,M,36-45,7,C,1,0,1,11859
1000030,P00051442,F,36-45,7,C,3,0,8,9735
1000030,P00275642,F,36-45,7,C,3,0,8,4166
1000030,P00278642,F,36-45,7,C,3,0,5,6927
1000031,P00117442,M,55+,7,C,2,0,5,8596
1000031,P00322042,M,55+,7,C,2,0,5,5248
1000031,P00216342,M,55+,7,C,2,0,3,10592
1000031,P00329342,M,55+,7,C,2,0,5,3482
1000032,P00332342,F,26-35,0,C,3,1,5,7134
1000033,P00285442,M,46-50,3,A,1,1,8,7854
1000033,P00111742,M,46-50,3,A,1,1,15,17391
1000033,P00293742,M,46-50,3,A,1,1,8,6074
1000033,P00032842,M,46-50,3,A,1,1,8,6119
1000033,P00216142,M,46-50,3,A,1,1,1,15333
1000033,P00001642,M,46-50,3,A,1,1,8,6129
1000033,P00351842,M,46-50,3,A,1,1,5,5265
1000033,P00145442,M,46-50,3,A,1,1,8,7888
1000033,P00344242,M,46-50,3,A,1,1,8,4035
1000033,P00327242,M,46-50,3,A,1,1,5,5280
1000033,P00241142,M,46-50,3,A,1,1,8,7909
1000033,P00219242,M,46-50,3,A,1,1,4,811
1000033,P00057342,M,46-50,3,A,1,1,4,2846
1000033,P00165742,M,46-50,3,A,1,1,8,7994
1000033,P00154642,M,46-50,3,A,1,1,8,3897
1000034,P00192942,F,18-25,0,A,0,0,5,6996
1000034,P00247042,F,18-25,0,A,0,0,5,8593
1000034,P00150542,F,18-25,0,A,0,0,5,6917
1000034,P00347142,F,18-25,0,A,0,0,5,5329
1000034,P00326742,F,18-25,0,A,0,0,11,5942
1000034,P00085942,F,18-25,0,A,0,0,2,15895
1000034,P00330442,F,18-25,0,A,0,0,5,7165
1000034,P00327842,F,18-25,0,A,0,0,8,9846
1000034,P00218342,F,18-25,0,A,0,0,5,8701
1000034,P00259042,F,18-25,0,A,0,0,5,8757
1000035,P00102542,M,46-50,1,C,4+,1,8,6109
1000035,P00285442,M,46-50,1,C,4+,1,8,6139
1000035,P00121142,M,46-50,1,C,4+,1,8,5897
1000035,P00228242,M,46-50,1,C,4+,1,8,3990
1000035,P00129542,M,46-50,1,C,4+,1,8,6153
1000035,P00309542,M,46-50,1,C,4+,1,5,5319
1000035,P00106742,M,46-50,1,C,4+,1,3,10767
1000036,P00102642,M,26-35,3,B,0,0,4,2832
1000036,P00127442,M,26-35,3,B,0,0,1,8066
1000036,P00345642,M,26-35,3,B,0,0,1,15812
1000036,P00357842,M,26-35,3,B,0,0,5,6967
1000036,P00115342,M,26-35,3,B,0,0,5,6922
1000036,P00174442,M,26-35,3,B,0,0,5,8621
1000036,P00282642,M,26-35,3,B,0,0,5,7030
1000036,P00150542,M,26-35,3,B,0,0,5,7172
1000036,P00037142,M,26-35,3,B,0,0,1,15769
1000036,P00192042,M,26-35,3,B,0,0,5,6871
1000036,P00197542,M,26-35,3,B,0,0,5,7171
1000036,P00048742,M,26-35,3,B,0,0,5,7139
1000036,P00110142,M,26-35,3,B,0,0,7,16280
1000036,P00120842,M,26-35,3,B,0,0,8,9894
1000036,P00267742,M,26-35,3,B,0,0,5,3664
1000036,P00086442,M,26-35,3,B,0,0,8,7869
1000036,P00331842,M,26-35,3,B,0,0,16,16866
1000036,P00288642,M,26-35,3,B,0,0,16,20442
1000036,P00318742,M,26-35,3,B,0,0,1,11518
1000036,P00028442,M,26-35,3,B,0,0,1,15285
1000036,P00208342,M,26-35,3,B,0,0,1,15524
1000036,P00193542,M,26-35,3,B,0,0,1,19278
1000036,P00277442,M,26-35,3,B,0,0,1,15445
1000037,P00085242,F,26-35,9,C,1,0,8,8034
1000039,P00279442,M,18-25,4,B,2,0,16,12464
1000039,P00351142,M,18-25,4,B,2,0,1,15319
1000041,P00235242,F,18-25,4,C,3,0,8,5915
1000041,P00251542,F,18-25,4,C,3,0,11,6025
1000042,P00046742,M,26-35,8,C,0,1,1,19433
1000042,P00003242,M,26-35,8,C,0,1,8,6027
1000042,P00221542,M,26-35,8,C,0,1,5,7040
1000042,P00142142,M,26-35,8,C,0,1,1,11965
1000042,P00044442,M,26-35,8,C,0,1,1,15469
1000042,P00147742,M,26-35,8,C,0,1,1,11925
1000042,P00030942,M,26-35,8,C,0,1,4,2826
1000042,P00288042,M,26-35,8,C,0,1,8,4013
1000042,P00313142,M,26-35,8,C,0,1,8,5914
1000042,P00195442,M,26-35,8,C,0,1,5,7176
1000043,P00255842,M,26-35,12,A,0,0,16,20961
1000044,P00112142,M,46-50,17,B,3,1,1,19072
1000044,P00120342,M,46-50,17,B,3,1,5,7179
1000044,P00110542,M,46-50,17,B,3,1,8,7995
1000044,P00279942,M,46-50,17,B,3,1,8,4124
1000044,P00303742,M,46-50,17,B,3,1,8,7772
1000044,P00140742,M,46-50,17,B,3,1,1,11799
1000044,P00190042,M,46-50,17,B,3,1,3,13251
1000044,P00316742,M,46-50,17,B,3,1,4,3524
1000044,P00233542,M,46-50,17,B,3,1,1,15853
1000044,P00115242,M,46-50,17,B,3,1,5,1728
1000044,P00338442,M,46-50,17,B,3,1,1,11693
1000044,P00302842,M,46-50,17,B,3,1,8,7852
1000044,P00124842,M,46-50,17,B,3,1,11,1582
1000045,P00066442,F,46-50,16,A,1,1,5,6950
1000045,P00273442,F,46-50,16,A,1,1,12,1414
1000045,P00210142,F,46-50,16,A,1,1,14,4325
1000045,P00212542,F,46-50,16,A,1,1,8,4028
1000045,P00321742,F,46-50,16,A,1,1,5,3432
1000045,P00020042,F,46-50,16,A,1,1,5,3715
1000045,P00051942,F,46-50,16,A,1,1,5,3540
1000045,P00251342,F,46-50,16,A,1,1,5,5352
1000045,P00303542,F,46-50,16,A,1,1,5,1828
1000045,P00228142,F,46-50,16,A,1,1,5,7159
1000046,P00123142,M,18-25,19,C,4+,0,11,7614
1000046,P00079542,M,18-25,19,C,4+,0,5,1784
1000046,P00103142,M,18-25,19,C,4+,0,1,3978
1000046,P00305542,M,18-25,19,C,4+,0,11,7478
1000047,P00031042,M,18-25,4,C,4+,1,8,8043
1000047,P00260042,M,18-25,4,C,4+,1,5,6912
1000048,P00055642,M,26-35,4,B,3,1,4,1447
1000048,P00312742,M,26-35,4,B,3,1,15,4338
1000048,P00010742,M,26-35,4,B,3,1,1,19352
1000048,P00147742,M,26-35,4,B,3,1,1,11420
1000048,P00303742,M,26-35,4,B,3,1,8,5897
1000048,P00223242,M,26-35,4,B,3,1,5,7048
1000048,P00114942,M,26-35,4,B,3,1,1,15783
1000048,P00277442,M,26-35,4,B,3,1,1,11396
1000048,P00183242,M,26-35,4,B,3,1,5,5180
1000048,P00030842,M,26-35,4,B,3,1,1,15549
1000048,P00220142,M,26-35,4,B,3,1,1,11935
1000048,P00130442,M,26-35,4,B,3,1,3,8091
1000048,P00323042,M,26-35,4,B,3,1,5,7001
1000048,P00344742,M,26-35,4,B,3,1,5,1747
1000048,P00182442,M,26-35,4,B,3,1,5,5252
1000048,P00015342,M,26-35,4,B,3,1,2,6407
1000048,P00113242,M,26-35,4,B,3,1,1,15466
1000048,P00288042,M,26-35,4,B,3,1,8,7781
1000048,P00103042,M,26-35,4,B,3,1,1,15849
1000048,P00187842,M,26-35,4,B,3,1,1,11430
1000048,P00162442,M,26-35,4,B,3,1,1,11404
1000048,P00078542,M,26-35,4,B,3,1,1,11853
1000048,P0094142,M,26-35,4,B,3,1,4,1446
1000048,P00324442,M,26-35,4,B,3,1,11,3101
1000048,P00041642,M,26-35,4,B,3,1,5,3694
1000048,P00050542,M,26-35,4,B,3,1,5,3696
1000048,P00006442,M,26-35,4,B,3,1,5,3580
1000049,P00051442,M,18-25,12,C,4+,1,8,9879
1000049,P00350942,M,18-25,12,C,4+,1,3,10783
1000049,P00000142,M,18-25,12,C,4+,1,3,13353
1000049,P00127242,M,18-25,12,C,4+,1,1,15715
1000049,P00034042,M,18-25,12,C,4+,1,1,11463
1000049,P00143142,M,18-25,12,C,4+,1,8,7763
1000050,P00317942,F,26-35,2,A,1,1,8,5878
1000050,P00335542,F,26-35,2,A,1,1,8,5845
1000051,P00361842,F,0-17,10,C,2,0,15,17271
1000052,P00147942,M,18-25,4,C,0,0,1,15244
1000052,P00000642,M,18-25,4,C,0,0,1,19060
1000052,P00037142,M,18-25,4,C,0,0,1,15772
1000052,P00028042,M,18-25,4,C,0,0,1,8159
1000053,P00117542,M,26-35,0,B,1,0,18,3794
1000053,P00120342,M,26-35,0,B,1,0,5,8637
1000053,P00130742,M,26-35,0,B,1,0,1,19251
1000053,P00024142,M,26-35,0,B,1,0,8,10021
1000053,P00127242,M,26-35,0,B,1,0,1,15734
1000053,P00209742,M,26-35,0,B,1,0,1,19662
1000053,P00160042,M,26-35,0,B,1,0,1,19416
1000053,P00042342,M,26-35,0,B,1,0,8,5996
1000053,P00016542,M,26-35,0,B,1,0,1,11937
1000053,P00016742,M,26-35,0,B,1,0,1,15859
1000053,P00227642,M,26-35,0,B,1,0,1,11723
1000053,P00146142,M,26-35,0,B,1,0,1,11793
1000053,P00070542,M,26-35,0,B,1,0,3,13689
1000053,P00129842,M,26-35,0,B,1,0,6,16306
1000053,P00243942,M,26-35,0,B,1,0,1,19171
1000053,P00246742,M,26-35,0,B,1,0,11,1629
1000053,P00310142,M,26-35,0,B,1,0,5,6931
1000053,P00244142,M,26-35,0,B,1,0,1,12004
1000053,P00085442,M,26-35,0,B,1,0,12,1752
1000053,P00190142,M,26-35,0,B,1,0,3,10766
1000053,P00109242,M,26-35,0,B,1,0,6,20529
1000053,P00089342,M,26-35,0,B,1,0,8,9856
1000053,P00288542,M,26-35,0,B,1,0,8,8000
1000053,P00212242,M,26-35,0,B,1,0,8,10038
1000053,P00319342,M,26-35,0,B,1,0,5,8685
1000053,P00302942,M,26-35,0,B,1,0,8,7796
1000053,P00145942,M,26-35,0,B,1,0,6,20474
1000053,P00026342,M,26-35,0,B,1,0,8,7820
1000053,P00148842,M,26-35,0,B,1,0,6,16477
1000054,P00299842,M,51-55,1,C,4+,1,8,6198
1000054,P00313342,M,51-55,1,C,4+,1,5,5185
1000056,P00102442,M,36-45,20,C,0,1,8,5980
1000056,P00237542,M,36-45,20,C,0,1,1,11370
1000056,P00213742,M,36-45,20,C,0,1,8,9834
1000056,P0099342,M,36-45,20,C,0,1,5,2012
1000057,P00171542,M,18-25,19,C,2,0,2,3581
1000057,P00135742,M,18-25,19,C,2,0,6,12131
1000057,P00350342,M,18-25,19,C,2,0,1,4290
1000058,P00110742,M,26-35,2,B,3,0,1,15824
1000058,P00117642,M,26-35,2,B,3,0,10,23603
1000058,P00114142,M,26-35,2,B,3,0,8,9940
1000058,P00119142,M,26-35,2,B,3,0,3,13557
1000058,P00280742,M,26-35,2,B,3,0,6,16420
1000058,P00271142,M,26-35,2,B,3,0,5,8842
1000058,P00348242,M,26-35,2,B,3,0,8,7959
1000058,P00003942,M,26-35,2,B,3,0,5,6987
1000058,P00282642,M,26-35,2,B,3,0,5,6855
1000058,P00288642,M,26-35,2,B,3,0,16,16579
1000058,P00151742,M,26-35,2,B,3,0,8,5851
1000058,P00244142,M,26-35,2,B,3,0,1,8147
1000058,P00050642,M,26-35,2,B,3,0,15,12850
1000059,P00114742,F,51-55,1,B,4+,1,8,5899
1000059,P00113942,F,51-55,1,B,4+,1,8,3993
1000059,P00120942,F,51-55,1,B,4+,1,8,8084
1000059,P00083842,F,51-55,1,B,4+,1,5,7159
1000059,P00148642,F,51-55,1,B,4+,1,6,12014
1000059,P00317842,F,51-55,1,B,4+,1,8,8007
1000059,P00030642,F,51-55,1,B,4+,1,8,6141
1000059,P00273642,F,51-55,1,B,4+,1,8,9695
1000059,P00002542,F,51-55,1,B,4+,1,8,5900
1000059,P00331642,F,51-55,1,B,4+,1,12,1384
1000059,P00331242,F,51-55,1,B,4+,1,12,1432
1000059,P0096442,F,51-55,1,B,4+,1,4,2074
1000059,P00050242,F,51-55,1,B,4+,1,8,7864
1000059,P00131942,F,51-55,1,B,4+,1,7,8784
1000059,P00010742,F,51-55,1,B,4+,1,1,7988
1000060,P00150542,M,51-55,1,C,1,1,5,2048
1000060,P00132042,M,51-55,1,C,1,1,13,742
1000061,P00334242,M,26-35,17,C,1,0,1,15365
1000062,P00013742,F,36-45,3,A,1,0,5,5234
1000062,P00036842,F,36-45,3,A,1,0,1,11694
1000062,P00119342,F,36-45,3,A,1,0,10,23792
1000062,P00182142,F,36-45,3,A,1,0,1,15654
1000062,P00188942,F,36-45,3,A,1,0,8,9844
1000062,P00203142,F,36-45,3,A,1,0,16,16698
1000062,P00320442,F,36-45,3,A,1,0,6,15957
1000062,P00121642,F,36-45,3,A,1,0,5,8599
1000062,P00289542,F,36-45,3,A,1,0,8,8138
1000062,P00329742,F,36-45,3,A,1,0,6,12422
1000062,P00326642,F,36-45,3,A,1,0,8,7766
1000062,P00346142,F,36-45,3,A,1,0,1,15208
1000062,P00336142,F,36-45,3,A,1,0,5,5284
1000062,P00111442,F,36-45,3,A,1,0,8,7965
1000062,P00087242,F,36-45,3,A,1,0,14,11279
1000063,P00234742,M,18-25,4,C,2,0,8,5881
1000063,P00021742,M,18-25,4,C,2,0,5,8587
1000063,P00090842,M,18-25,4,C,2,0,11,7552
1000063,P00214542,M,18-25,4,C,2,0,8,2226
1000064,P00110942,M,18-25,1,A,1,1,1,19462
1000065,P00289942,M,36-45,12,C,2,1,3,13253
1000065,P00147942,M,36-45,12,C,2,1,1,19420
1000065,P00216142,M,36-45,12,C,2,1,1,19409
1000065,P00104842,M,36-45,12,C,2,1,8,9889
1000065,P00113142,M,36-45,12,C,2,1,1,15628
1000065,P00177942,M,36-45,12,C,2,1,5,7053
1000066,P00265242,M,26-35,18,C,2,0,5,8652
1000067,P00118142,F,51-55,5,C,4+,1,8,8088
1000067,P00003642,F,51-55,5,C,4+,1,8,9878
1000067,P00178342,F,51-55,5,C,4+,1,8,7771
1000068,P00289742,M,18-25,4,A,0,0,8,9938
1000068,P00085042,M,18-25,4,A,0,0,5,7036
1000068,P00248942,M,18-25,4,A,0,0,1,11429
1000069,P00184942,F,26-35,1,A,1,0,1,11715
1000069,P00041542,F,26-35,1,A,1,0,8,7973
1000070,P00249142,M,18-25,4,A,2,0,5,7076
1000070,P00284042,M,18-25,4,A,2,0,8,2304
1000071,P00165442,M,26-35,14,A,0,1,1,11846
1000071,P00115942,M,26-35,14,A,0,1,8,7908
1000071,P00278642,M,26-35,14,A,0,1,5,5223
1000071,P00021742,M,26-35,14,A,0,1,5,6996
1000072,P00156442,F,46-50,0,B,1,1,8,7968
1000072,P00318742,F,46-50,0,B,1,1,1,15426
1000073,P00351142,M,18-25,4,A,4+,0,1,15900
1000073,P00074442,M,18-25,4,A,4+,0,1,11822
1000073,P00047242,M,18-25,4,A,4+,0,1,7802
1000073,P00199042,M,18-25,4,A,4+,0,1,15624
1000073,P00192542,M,18-25,4,A,4+,0,1,15212
1000074,P00351142,M,36-45,14,A,2,1,1,15581
1000074,P00350042,M,36-45,14,A,2,1,6,12409
1000075,P00248442,F,0-17,10,C,4+,0,3,13337
1000075,P00172842,F,0-17,10,C,4+,0,3,13667
1000075,P00198142,F,0-17,10,C,4+,0,2,12746
1000075,P00282142,F,0-17,10,C,4+,0,3,5349
1000075,P00166942,F,0-17,10,C,4+,0,2,16187
1000075,P00187742,F,0-17,10,C,4+,0,2,16320
1000075,P00003442,F,0-17,10,C,4+,0,4,2129
1000075,P00060242,F,0-17,10,C,4+,0,3,11055
1000075,P00137642,F,0-17,10,C,4+,0,3,11000
1000075,P00106742,F,0-17,10,C,4+,0,3,10578
1000076,P00126142,M,36-45,7,B,2,1,8,7909
1000076,P00219842,M,36-45,7,B,2,1,5,7190
1000076,P00046142,M,36-45,7,B,2,1,1,15393
1000076,P00338442,M,36-45,7,B,2,1,1,11867
1000076,P00328142,M,36-45,7,B,2,1,8,5973
1000077,P00255542,M,18-25,4,C,2,0,5,6909
1000077,P00250842,M,18-25,4,C,2,0,8,6144
1000077,P00260142,M,18-25,4,C,2,0,5,5432
1000078,P0097142,F,46-50,1,C,0,1,12,1720
1000078,P00209842,F,46-50,1,C,0,1,5,6852
1000078,P00212942,F,46-50,1,C,0,1,5,7061
1000078,P00283942,F,46-50,1,C,0,1,5,6868
1000078,P00303242,F,46-50,1,C,0,1,5,8598
1000078,P00170442,F,46-50,1,C,0,1,5,3624
1000078,P00045842,F,46-50,1,C,0,1,5,6986
1000078,P00040442,F,46-50,1,C,0,1,5,6862
1000079,P00195842,F,46-50,0,A,1,0,3,7962
1000079,P00148642,F,46-50,0,A,1,0,6,15943
1000080,P00157542,M,55+,1,C,3,1,8,9788
1000080,P00293242,M,55+,1,C,3,1,8,9859
1000080,P00064042,M,55+,1,C,3,1,3,8248
1000081,P00344242,F,26-35,0,A,1,1,8,10058
1000082,P00015542,M,26-35,17,C,2,1,1,8162
1000082,P00001642,M,26-35,17,C,2,1,8,8045
1000083,P00105142,F,26-35,2,C,1,0,1,15584
1000083,P00251242,F,26-35,2,C,1,0,5,8775
1000083,P00183442,F,26-35,2,C,1,0,1,7996
1000083,P00199442,F,26-35,2,C,1,0,5,6889
1000083,P00054542,F,26-35,2,C,1,0,1,11730
1000084,P00034742,M,18-25,4,C,1,0,5,5315
1000084,P00042242,M,18-25,4,C,1,0,5,3497
1000084,P00277442,M,18-25,4,C,1,0,1,11896
1000084,P00163142,M,18-25,4,C,1,0,6,20595
1000085,P00027142,M,18-25,4,C,1,0,8,5986
1000086,P00145042,F,0-17,10,C,3,0,1,19283
1000086,P00053942,F,0-17,10,C,3,0,1,19442
1000087,P00173342,M,26-35,14,C,2,0,1,4121
1000087,P00233342,M,26-35,14,C,2,0,1,3847
1000087,P00036842,M,26-35,14,C,2,0,1,4528
1000088,P00010842,F,46-50,1,C,1,1,8,10022
1000088,P00120242,F,46-50,1,C,1,1,8,7809
1000088,P00313342,F,46-50,1,C,1,1,5,7019
1000089,P00223942,F,55+,9,C,1,1,5,8804
1000089,P00362342,F,55+,9,C,1,1,5,1747
1000090,P00027542,M,55+,13,C,1,0,8,6122
1000090,P00051442,M,55+,13,C,1,0,8,7824
1000090,P00234842,M,55+,13,C,1,0,5,8714
1000090,P00029242,M,55+,13,C,1,0,8,7786
1000090,P0097842,M,55+,13,C,1,0,5,6975
1000090,P00160942,M,55+,13,C,1,0,1,15433
1000090,P00136542,M,55+,13,C,1,0,5,3667
1000090,P00223242,M,55+,13,C,1,0,5,5354
1000090,P00127942,M,55+,13,C,1,0,1,11605
1000090,P00248542,M,55+,13,C,1,0,8,6078
1000090,P00145842,M,55+,13,C,1,0,4,1463
1000090,P00214342,M,55+,13,C,1,0,5,2010
1000090,P00161542,M,55+,13,C,1,0,2,10009
1000090,P00001942,M,55+,13,C,1,0,5,7178
1000091,P00010842,M,36-45,7,C,3,1,8,6013
1000091,P00220442,M,36-45,7,C,3,1,5,8858
1000091,P00278642,M,36-45,7,C,3,1,5,5252
1000091,P00138542,M,36-45,7,C,3,1,5,8771
1000092,P00317942,F,18-25,4,B,1,0,8,7884
1000092,P00190042,F,18-25,4,B,1,0,3,13400
1000092,P00328042,F,18-25,4,B,1,0,8,2233
1000092,P00370242,F,18-25,4,B,1,0,5,3545
1000092,P00340642,F,18-25,4,B,1,0,5,1868
1000092,P00358242,F,18-25,4,B,1,0,8,5916
1000092,P0096542,F,18-25,4,B,1,0,3,5780
1000092,P0096942,F,18-25,4,B,1,0,3,5755
1000092,P00074142,F,18-25,4,B,1,0,3,3126
1000092,P00273442,F,18-25,4,B,1,0,12,1387
1000092,P00270042,F,18-25,4,B,1,0,8,2114
1000092,P00255842,F,18-25,4,B,1,0,16,16416
1000092,P00223842,F,18-25,4,B,1,0,2,3460
1000092,P00014842,F,18-25,4,B,1,0,1,11449
1000092,P00274342,F,18-25,4,B,1,0,2,6434
1000093,P00199442,M,26-35,17,B,1,1,5,7038
1000093,P00216342,M,26-35,17,B,1,1,3,11031
1000093,P00070542,M,26-35,17,B,1,1,3,13293
1000093,P00112542,M,26-35,17,B,1,1,1,15895
1000093,P00346142,M,26-35,17,B,1,1,1,19247
1000093,P00208742,M,26-35,17,B,1,1,1,8058
1000093,P00248942,M,26-35,17,B,1,1,1,11754
1000093,P00351142,M,26-35,17,B,1,1,1,12037
1000093,P00304442,M,26-35,17,B,1,1,1,15479
1000093,P00014042,M,26-35,17,B,1,1,1,7836
1000093,P00028442,M,26-35,17,B,1,1,1,15901
1000093,P00155442,M,26-35,17,B,1,1,1,11533
1000093,P00133442,M,26-35,17,B,1,1,1,11601
1000093,P00159842,M,26-35,17,B,1,1,1,4251
1000093,P00019942,M,26-35,17,B,1,1,1,8289
1000093,P00366542,M,26-35,17,B,1,1,5,3612
1000094,P00117042,M,26-35,17,C,1,0,1,15482
1000095,P00141942,M,46-50,0,C,4+,1,5,3746
1000095,P00003642,M,46-50,0,C,4+,1,8,7857
1000096,P00117942,F,26-35,16,C,2,1,5,7193
1000096,P00001742,F,26-35,16,C,2,1,8,5857
1000097,P00209842,F,36-45,3,C,3,0,5,7040
1000097,P00293742,F,36-45,3,C,3,0,8,7976
1000097,P00315442,F,36-45,3,C,3,0,1,11670
1000097,P00297642,F,36-45,3,C,3,0,8,6150
1000097,P00088542,F,36-45,3,C,3,0,5,6964
1000097,P00089042,F,36-45,3,C,3,0,13,940
1000097,P00175742,F,36-45,3,C,3,0,8,9956
1000097,P00115942,F,36-45,3,C,3,0,8,7773
1000099,P00317842,F,0-17,10,C,1,0,8,5935
1000099,P00334242,F,0-17,10,C,1,0,1,18982
1000099,P00035542,F,0-17,10,C,1,0,3,10769
1000099,P00129542,F,0-17,10,C,1,0,8,7821
1000099,P00234842,F,0-17,10,C,1,0,5,2007
1000100,P00057942,M,36-45,17,C,4+,0,1,11612
1000100,P00037142,M,36-45,17,C,4+,0,1,7824
1000100,P00059442,M,36-45,17,C,4+,0,6,12486
1000101,P00278042,F,18-25,3,A,1,0,1,19464
1000101,P00154042,F,18-25,3,A,1,0,1,19027
1000101,P00014042,F,18-25,3,A,1,0,1,19394
1000101,P00262242,F,18-25,3,A,1,0,1,15871
1000102,P00010842,M,36-45,19,C,3,0,8,9941
1000102,P00334242,M,36-45,19,C,3,0,1,3829
1000102,P00337942,M,36-45,19,C,3,0,5,7108
1000102,P00274942,M,36-45,19,C,3,0,8,4102
1000102,P00229342,M,36-45,19,C,3,0,5,2028
1000102,P00274242,M,36-45,19,C,3,0,1,8310
1000102,P00084642,M,36-45,19,C,3,0,13,929
1000103,P00071242,M,46-50,7,B,2,1,1,15827
1000103,P00050442,M,46-50,7,B,2,1,1,15233
1000103,P0097342,M,46-50,7,B,2,1,1,15418
1000103,P00165442,M,46-50,7,B,2,1,1,15801
1000105,P00269542,M,46-50,12,C,1,1,11,6073
1000105,P00045542,M,46-50,12,C,1,1,5,6975
1000105,P00139742,M,46-50,12,C,1,1,8,4039
1000105,P00332242,M,46-50,12,C,1,1,1,11476
1000106,P00205442,F,36-45,11,C,4+,0,5,7035
1000106,P00085542,F,36-45,11,C,4+,0,5,8645
1000106,P00112142,F,36-45,11,C,4+,0,1,19703
1000107,P00323742,M,46-50,18,C,4+,0,8,9753
1000107,P00183142,M,46-50,18,C,4+,0,15,17403
1000107,P00344242,M,46-50,18,C,4+,0,8,3921
1000107,P00298242,M,46-50,18,C,4+,0,8,5823
1000107,P00300942,M,46-50,18,C,4+,0,16,12163
1000107,P0097142,M,46-50,18,C,4+,0,12,1058
1000108,P00013942,M,26-35,12,C,3,0,5,2021
1000109,P00087042,M,46-50,15,C,1,1,10,19131
1000109,P00087342,M,46-50,15,C,1,1,5,6863
1000109,P00195642,M,46-50,15,C,1,1,5,7085
1000110,P00035842,M,26-35,2,B,4+,0,5,6923
1000111,P00036842,M,36-45,15,C,3,0,1,15351
1000111,P00013942,M,36-45,15,C,3,0,5,5149
1000112,P00289942,M,26-35,16,C,3,1,3,13575
1000113,P00351142,M,18-25,12,C,2,0,1,19697
1000113,P00147342,M,18-25,12,C,2,0,15,12790
1000114,P00350942,F,26-35,2,C,0,0,3,10930
1000114,P00176842,F,26-35,2,C,0,0,12,1735
1000116,P00275842,M,26-35,17,C,2,1,2,16171
1000116,P00192542,M,26-35,17,C,2,1,1,15726
1000117,P00351342,M,26-35,17,A,2,1,1,8337
1000117,P00184142,M,26-35,17,A,2,1,8,9756
1000117,P00317342,M,26-35,17,A,2,1,8,8140
1000117,P00217242,M,26-35,17,A,2,1,1,12009
1000117,P00014542,M,26-35,17,A,2,1,8,5959
1000117,P00021742,M,26-35,17,A,2,1,5,8649
1000117,P00358242,M,26-35,17,A,2,1,8,2018
1000117,P00335442,M,26-35,17,A,2,1,1,7880
1000117,P0098342,M,26-35,17,A,2,1,1,19446
1000117,P00079742,M,26-35,17,A,2,1,1,8300
1000117,P00143642,M,26-35,17,A,2,1,1,11893
1000117,P00251342,M,26-35,17,A,2,1,5,5415
1000117,P00232342,M,26-35,17,A,2,1,11,2967
1000117,P00179042,M,26-35,17,A,2,1,11,4543
1000117,P00180942,M,26-35,17,A,2,1,11,1474
1000117,P00265742,M,26-35,17,A,2,1,5,5417
1000118,P00194542,M,36-45,17,C,4+,0,8,8081
1000118,P00001742,M,36-45,17,C,4+,0,8,9712
1000118,P00127642,M,36-45,17,C,4+,0,1,15909
1000118,P00355142,M,36-45,17,C,4+,0,1,15651
1000118,P00144642,M,36-45,17,C,4+,0,1,15756
1000118,P00201342,M,36-45,17,C,4+,0,1,8012
1000118,P00251942,M,36-45,17,C,4+,0,1,11408
1000118,P00009342,M,36-45,17,C,4+,0,1,15492
1000118,P00345842,M,36-45,17,C,4+,0,2,9569
1000118,P00191442,M,36-45,17,C,4+,0,1,15687
1000118,P00223242,M,36-45,17,C,4+,0,5,5304
1000118,P00120342,M,36-45,17,C,4+,0,5,6923
1000119,P00330642,F,0-17,10,C,1,0,5,5277
1000119,P00238542,F,0-17,10,C,1,0,5,7088
1000119,P0094942,F,0-17,10,C,1,0,4,2122
1000119,P00068042,F,0-17,10,C,1,0,3,5597
1000119,P00227642,F,0-17,10,C,1,0,1,15837
1000120,P00005042,M,26-35,11,C,0,0,6,16128
1000121,P00102042,M,36-45,7,C,2,0,5,3627
1000121,P00059742,M,36-45,7,C,2,0,1,19498
1000122,P00142142,F,18-25,4,C,1,0,1,4530
1000123,P00248142,M,36-45,9,B,4+,1,5,3639
1000123,P00279342,M,36-45,9,B,4+,1,5,5314
1000123,P00267542,M,36-45,9,B,4+,1,1,12111
1000123,P00217742,M,36-45,9,B,4+,1,5,3631
1000123,P00113242,M,36-45,9,B,4+,1,1,19586
1000123,P00000642,M,36-45,9,B,4+,1,1,18971
1000123,P00163342,M,36-45,9,B,4+,1,6,16456
1000123,P00116842,M,36-45,9,B,4+,1,2,13009
1000123,P00036842,M,36-45,9,B,4+,1,1,15635
1000123,P00278042,M,36-45,9,B,4+,1,1,15181
1000123,P00348742,M,36-45,9,B,4+,1,16,16379
1000123,P00061142,M,36-45,9,B,4+,1,8,6187
1000123,P00015942,M,36-45,9,B,4+,1,6,16446
1000123,P00346542,M,36-45,9,B,4+,1,10,14650
1000123,P00188742,M,36-45,9,B,4+,1,8,7810
1000123,P00346942,M,36-45,9,B,4+,1,1,8143
1000123,P00212542,M,36-45,9,B,4+,1,8,4018
1000123,P00007042,M,36-45,9,B,4+,1,1,11971
1000123,P00240242,M,36-45,9,B,4+,1,1,8130
1000124,P00291042,M,55+,7,C,1,1,8,7904
1000125,P00244642,M,46-50,14,B,3,1,11,4497
1000125,P00090542,M,46-50,14,B,3,1,16,16498
1000125,P00274142,M,46-50,14,B,3,1,1,19234
1000125,P00266642,M,46-50,14,B,3,1,1,15253
1000125,P00182142,M,46-50,14,B,3,1,1,19064
1000125,P00270542,M,46-50,14,B,3,1,1,11647
1000126,P00087042,M,18-25,9,B,1,0,10,23233
1000126,P00121642,M,18-25,9,B,1,0,5,3638
1000127,P00145042,F,46-50,3,C,1,1,1,19681
1000127,P00086442,F,46-50,3,C,1,1,8,5886
1000127,P00361842,F,46-50,3,C,1,1,15,17320
1000127,P00057442,F,46-50,3,C,1,1,5,5332
1000127,P00078142,F,46-50,3,C,1,1,8,7890
1000128,P00245642,M,55+,6,A,1,1,5,8629
1000129,P00037542,M,26-35,11,C,2,0,1,15383
1000129,P00049842,M,26-35,11,C,2,0,1,15641
1000129,P00022942,M,26-35,11,C,2,0,5,5298
1000129,P00000642,M,26-35,11,C,2,0,1,15525
1000129,P00183442,M,26-35,11,C,2,0,1,19406
1000130,P00350442,M,36-45,17,B,3,1,2,3688
1000130,P00119542,M,36-45,17,B,3,1,8,2209
1000130,P00025442,M,36-45,17,B,3,1,1,19706
1000130,P00080342,M,36-45,17,B,3,1,1,15907
1000130,P00127642,M,36-45,17,B,3,1,1,19062
1000130,P00127242,M,36-45,17,B,3,1,1,15244
1000130,P00338542,M,36-45,17,B,3,1,1,19304
1000130,P00246142,M,36-45,17,B,3,1,1,19240
1000130,P00317642,M,36-45,17,B,3,1,1,19559
1000130,P00339542,M,36-45,17,B,3,1,1,19090
1000130,P00277442,M,36-45,17,B,3,1,1,15744
1000131,P00170642,M,18-25,4,C,4+,0,5,6886
1000131,P00115442,M,18-25,4,C,4+,0,8,8075
1000131,P00212742,M,18-25,4,C,4+,0,5,8801
1000131,P00209842,M,18-25,4,C,4+,0,5,8734
1000131,P00150742,M,18-25,4,C,4+,0,8,5936
1000131,P00154642,M,18-25,4,C,4+,0,8,5945
1000131,P00109342,M,18-25,4,C,4+,0,5,5418
1000131,P00162642,M,18-25,4,C,4+,0,5,6896
1000131,P00192542,M,18-25,4,C,4+,0,1,7734
1000131,P00017042,M,18-25,4,C,4+,0,8,8127
1000132,P00100842,M,26-35,17,C,1,0,5,8709
1000132,P00329442,M,26-35,17,C,1,0,5,8678
1000132,P00303842,M,26-35,17,C,1,0,5,5463
1000132,P00045842,M,26-35,17,C,1,0,5,3743
1000132,P00250242,M,26-35,17,C,1,0,5,8751
1000133,P00012542,F,26-35,0,C,1,1,5,6954
1000133,P00152442,F,26-35,0,C,1,1,8,9972
1000133,P00058442,F,26-35,0,C,1,1,5,7041
1000133,P00303842,F,26-35,0,C,1,1,5,8779
1000133,P00248342,F,26-35,0,C,1,1,8,7797
1000134,P00218642,M,26-35,0,C,3,1,5,3622
1000134,P00125942,M,26-35,0,C,3,1,1,15783
1000134,P00241542,M,26-35,0,C,3,1,1,3843
1000134,P00346442,M,26-35,0,C,3,1,1,3877
1000135,P00295942,M,18-25,4,C,1,1,2,16241
1000135,P00248942,M,18-25,4,C,1,1,1,19146
1000135,P00270142,M,18-25,4,C,1,1,5,3709
1000136,P0099042,M,18-25,2,B,3,0,5,8850
1000136,P00367142,M,18-25,2,B,3,0,11,1498
1000136,P00233342,M,18-25,2,B,3,0,1,4304
1000136,P00118842,M,18-25,2,B,3,0,5,7031
1000136,P00034842,M,18-25,2,B,3,0,5,1754
1000136,P00001142,M,18-25,2,B,3,0,5,3613
1000136,P00008842,M,18-25,2,B,3,0,1,15563
1000136,P00222142,M,18-25,2,B,3,0,5,7092
1000136,P00059442,M,18-25,2,B,3,0,6,16709
1000136,P00189842,M,18-25,2,B,3,0,3,5596
1000136,P00074142,M,18-25,2,B,3,0,3,8224
1000136,P00051942,M,18-25,2,B,3,0,5,6901
1000136,P00013742,M,18-25,2,B,3,0,5,5289
1000136,P00321742,M,18-25,2,B,3,0,5,5228
1000137,P00250842,F,46-50,6,C,4+,1,8,8126
1000137,P00198742,F,46-50,6,C,4+,1,1,11446
1000137,P00010742,F,46-50,6,C,4+,1,1,15334
1000137,P00303342,F,46-50,6,C,4+,1,1,15739
1000137,P00004242,F,46-50,6,C,4+,1,1,11809
1000137,P00173942,F,46-50,6,C,4+,1,1,11814
1000137,P00058442,F,46-50,6,C,4+,1,5,6938
1000137,P00124642,F,46-50,6,C,4+,1,16,16828
1000137,P00026042,F,46-50,6,C,4+,1,8,8066
1000138,P00113242,M,18-25,20,C,1,1,1,19391
1000138,P00081142,M,18-25,20,C,1,1,6,12146
1000138,P00135742,M,18-25,20,C,1,1,6,19977
1000139,P00329542,F,26-35,20,C,2,0,1,7773
1000139,P00249642,F,26-35,20,C,2,0,3,8314
1000139,P00020142,F,26-35,20,C,2,0,7,21002
1000139,P00274942,F,26-35,20,C,2,0,8,9746
1000139,P00110842,F,26-35,20,C,2,0,1,15239
1000139,P00121342,F,26-35,20,C,2,0,1,15795
1000139,P00121642,F,26-35,20,C,2,0,5,8778
1000139,P00159542,F,26-35,20,C,2,0,10,23595
1000139,P00115142,F,26-35,20,C,2,0,1,19117
1000139,P00044442,F,26-35,20,C,2,0,1,15688
1000139,P00227542,F,26-35,20,C,2,0,13,928
1000139,P00127842,F,26-35,20,C,2,0,1,15311
1000139,P00241642,F,26-35,20,C,2,0,1,19621
1000139,P00226742,F,26-35,20,C,2,0,11,1558
1000140,P00062842,F,36-45,1,B,3,0,1,3843
1000140,P00084642,F,36-45,1,B,3,0,13,770
1000142,P00192042,M,26-35,7,A,2,0,5,5267
1000142,P00002542,M,26-35,7,A,2,0,8,4072
1000142,P00028842,M,26-35,7,A,2,0,6,20214
1000142,P00184942,M,26-35,7,A,2,0,1,12025
1000142,P00025442,M,26-35,7,A,2,0,1,15212
1000143,P00250242,M,18-25,3,C,0,0,5,7170
1000143,P00184942,M,18-25,3,C,0,0,1,19662
1000143,P00284642,M,18-25,3,C,0,0,5,6951
1000145,P00250342,M,18-25,4,C,4+,0,16,16772
1000145,P00317842,M,18-25,4,C,4+,0,8,5953
1000145,P00214142,M,18-25,4,C,4+,0,8,9756
1000145,P00248342,M,18-25,4,C,4+,0,8,2159
1000146,P00248942,F,36-45,20,B,3,1,1,15659
1000146,P00188542,F,36-45,20,B,3,1,5,5247
1000146,P00081142,F,36-45,20,B,3,1,6,16004
1000146,P00088242,F,36-45,20,B,3,1,6,12053
1000146,P00223842,F,36-45,20,B,3,1,2,3489
1000146,P00121042,F,36-45,20,B,3,1,15,16616
1000146,P00027142,F,36-45,20,B,3,1,8,7968
1000146,P00114142,F,36-45,20,B,3,1,8,9932
1000146,P00116742,F,36-45,20,B,3,1,11,2944
1000146,P00289642,F,36-45,20,B,3,1,8,8057
1000146,P00118442,F,36-45,20,B,3,1,1,15347
1000146,P00227742,F,36-45,20,B,3,1,5,7110
1000146,P00127542,F,36-45,20,B,3,1,1,3836
1000146,P00010842,F,36-45,20,B,3,1,8,9885
1000146,P00323942,F,36-45,20,B,3,1,8,9832
1000146,P00101142,F,36-45,20,B,3,1,8,7892
1000146,P00203142,F,36-45,20,B,3,1,16,16813
1000146,P00112342,F,36-45,20,B,3,1,13,959
1000146,P00129642,F,36-45,20,B,3,1,5,5381
1000146,P00178642,F,36-45,20,B,3,1,5,7055
1000146,P00288442,F,36-45,20,B,3,1,5,6866
1000146,P00274042,F,36-45,20,B,3,1,1,19177
1000146,P00091842,F,36-45,20,B,3,1,8,7805
1000146,P00320442,F,36-45,20,B,3,1,6,8667
1000147,P00184942,M,18-25,4,B,4+,0,1,19474
1000147,P00016042,M,18-25,4,B,4+,0,1,11916
1000147,P00214242,M,18-25,4,B,4+,0,1,7589
1000147,P00110742,M,18-25,4,B,4+,0,1,15308
1000147,P00008542,M,18-25,4,B,4+,0,2,9614
1000147,P00352142,M,18-25,4,B,4+,0,1,15387
1000147,P00150942,M,18-25,4,B,4+,0,6,20585
1000148,P00184942,M,51-55,17,B,3,1,1,19031
1000148,P00118442,M,51-55,17,B,3,1,1,15671
1000148,P00317442,M,51-55,17,B,3,1,1,15289
1000148,P00063342,M,51-55,17,B,3,1,1,12101
1000148,P00042142,M,51-55,17,B,3,1,1,15383
1000148,P00047242,M,51-55,17,B,3,1,1,19608
1000148,P00114542,M,51-55,17,B,3,1,5,1827
1000148,P00156742,M,51-55,17,B,3,1,5,1787
1000148,P00119242,M,51-55,17,B,3,1,18,2318
1000148,P00190742,M,51-55,17,B,3,1,3,8287
1000148,P00199442,M,51-55,17,B,3,1,5,8812
1000148,P00193042,M,51-55,17,B,3,1,5,7114
1000148,P00327842,M,51-55,17,B,3,1,8,7799
1000148,P00005042,M,51-55,17,B,3,1,6,8657
1000148,P00057242,M,51-55,17,B,3,1,5,5375
1000148,P00074442,M,51-55,17,B,3,1,1,11715
1000148,P00214342,M,51-55,17,B,3,1,5,7021
1000148,P00036542,M,51-55,17,B,3,1,4,2141
1000148,P00181842,M,51-55,17,B,3,1,11,6053
1000148,P00304742,M,51-55,17,B,3,1,8,5955
1000149,P00109242,M,26-35,1,B,2,1,6,15969
1000149,P00289342,M,26-35,1,B,2,1,5,5267
1000149,P00213742,M,26-35,1,B,2,1,8,6151
1000149,P00293242,M,26-35,1,B,2,1,8,6018
1000149,P00163842,M,26-35,1,B,2,1,8,6140
1000149,P00046142,M,26-35,1,B,2,1,1,19091
1000149,P00028242,M,26-35,1,B,2,1,6,20538
1000149,P00028542,M,26-35,1,B,2,1,6,16137
1000149,P00051442,M,26-35,1,B,2,1,8,10024
1000149,P00100842,M,26-35,1,B,2,1,5,7047
1000149,P00184442,M,26-35,1,B,2,1,1,15571
1000149,P00345842,M,26-35,1,B,2,1,2,16235
1000149,P00323942,M,26-35,1,B,2,1,8,9993
1000149,P00137542,M,26-35,1,B,2,1,1,15161
1000149,P00030842,M,26-35,1,B,2,1,1,7835
1000149,P00150342,M,26-35,1,B,2,1,8,6188
1000149,P00369742,M,26-35,1,B,2,1,5,8752
1000149,P00069042,M,26-35,1,B,2,1,3,10715
1000149,P00277942,M,26-35,1,B,2,1,1,15210
1000149,P00283942,M,26-35,1,B,2,1,5,6998
1000149,P00207042,M,26-35,1,B,2,1,5,7064
1000149,P00350342,M,26-35,1,B,2,1,1,15165
1000150,P00294542,M,36-45,7,B,0,1,8,5865
1000150,P00174442,M,36-45,7,B,0,1,5,8697
1000150,P00033642,M,36-45,7,B,0,1,5,8798
1000150,P00025442,M,36-45,7,B,0,1,1,15255
1000150,P00120042,M,36-45,7,B,0,1,1,15697
1000150,P00086042,M,36-45,7,B,0,1,8,8009
1000150,P00198142,M,36-45,7,B,0,1,2,13272
1000150,P00057742,M,36-45,7,B,0,1,2,16061
1000150,P00101942,M,36-45,7,B,0,1,8,7995
1000150,P00113342,M,36-45,7,B,0,1,1,15590
1000151,P00112142,F,26-35,20,A,1,1,1,12063
1000151,P00062842,F,26-35,20,A,1,1,1,11653
1000151,P00052642,F,26-35,20,A,1,1,5,7011
1000151,P00021642,F,26-35,20,A,1,1,8,6089
1000151,P00007342,F,26-35,20,A,1,1,8,5844
1000151,P00154742,F,26-35,20,A,1,1,8,8124
1000151,P00016342,F,26-35,20,A,1,1,1,11977
1000151,P00141842,F,26-35,20,A,1,1,5,7179
1000151,P00197442,F,26-35,20,A,1,1,8,1990
1000151,P00048642,F,26-35,20,A,1,1,5,5471
1000151,P00000642,F,26-35,20,A,1,1,1,15678
1000151,P00358742,F,26-35,20,A,1,1,5,6894
1000151,P00370342,F,26-35,20,A,1,1,8,7964
1000151,P00138542,F,26-35,20,A,1,1,5,8707
1000151,P00031442,F,26-35,20,A,1,1,5,8575
1000151,P00128242,F,26-35,20,A,1,1,5,7035
1000151,P00221342,F,26-35,20,A,1,1,1,11493
1000151,P00211142,F,26-35,20,A,1,1,5,5180
1000151,P00152742,F,26-35,20,A,1,1,5,7009
1000151,P00211042,F,26-35,20,A,1,1,5,5205
1000151,P00245642,F,26-35,20,A,1,1,5,7175
1000151,P00148342,F,26-35,20,A,1,1,5,7159
1000151,P00085242,F,26-35,20,A,1,1,8,6129
1000151,P00134342,F,26-35,20,A,1,1,5,7087
1000152,P00159942,M,18-25,4,A,3,0,5,8744
1000153,P00031642,M,0-17,10,C,0,0,5,8588
1000153,P00059442,M,0-17,10,C,0,0,6,20679
1000153,P00340642,M,0-17,10,C,0,0,5,8817
1000154,P00214242,M,51-55,20,A,4+,1,1,7821
1000154,P00105142,M,51-55,20,A,4+,1,1,8144
1000154,P00262242,M,51-55,20,A,4+,1,1,15257
1000154,P00307342,M,51-55,20,A,4+,1,8,6139
1000155,P00205642,M,36-45,12,C,4+,1,5,6967
1000155,P00295942,M,36-45,12,C,4+,1,2,6807
1000155,P00053942,M,36-45,12,C,4+,1,1,7944
1000155,P00248142,M,36-45,12,C,4+,1,5,5415
1000155,P00022542,M,36-45,12,C,4+,1,5,1916
1000155,P00323842,M,36-45,12,C,4+,1,2,16208
1000155,P00252442,M,36-45,12,C,4+,1,8,9795
1000156,P00304842,F,46-50,7,C,4+,1,8,9872
1000156,P00002542,F,46-50,7,C,4+,1,8,6010
1000156,P00240142,F,46-50,7,C,4+,1,5,7141
1000157,P00140042,M,36-45,16,A,1,0,1,15544
1000157,P00028442,M,36-45,16,A,1,0,1,7762
1000157,P00289042,M,36-45,16,A,1,0,8,7948
1000157,P00141442,M,36-45,16,A,1,0,8,6123
1000157,P00345742,M,36-45,16,A,1,0,1,11475
1000157,P00065342,M,36-45,16,A,1,0,2,6368
1000157,P00298142,M,36-45,16,A,1,0,5,6962
1000157,P00177942,M,36-45,16,A,1,0,5,3522
1000157,P00223242,M,36-45,16,A,1,0,5,5185
1000157,P00105942,M,36-45,16,A,1,0,5,5474
1000157,P00111542,M,36-45,16,A,1,0,2,12920
1000158,P00347242,M,55+,7,C,2,1,8,9703
1000158,P00111542,M,55+,7,C,2,1,2,13324
1000159,P00277642,F,46-50,0,A,1,1,2,12828
1000160,P00198042,M,36-45,7,C,3,0,11,4681
1000160,P00327842,M,36-45,7,C,3,0,8,5881
1000161,P00086042,M,46-50,16,C,4+,1,8,8108
1000161,P00111542,M,46-50,16,C,4+,1,2,16122
1000161,P00024042,M,46-50,16,C,4+,1,7,20915
1000161,P00313342,M,46-50,16,C,4+,1,5,8689
1000161,P00064942,M,46-50,16,C,4+,1,8,10062
1000161,P00112442,M,46-50,16,C,4+,1,6,16272
1000161,P00205442,M,46-50,16,C,4+,1,5,6875
1000161,P00312942,M,46-50,16,C,4+,1,8,9821
1000161,P00289942,M,46-50,16,C,4+,1,3,13717
1000161,P00304442,M,46-50,16,C,4+,1,1,15378
1000161,P00125742,M,46-50,16,C,4+,1,8,10040
1000161,P00285742,M,46-50,16,C,4+,1,8,8065
1000162,P00004842,F,18-25,4,C,4+,0,3,5711
1000162,P00249142,F,18-25,4,C,4+,0,5,7059
1000162,P00338442,F,18-25,4,C,4+,0,1,11808
1000162,P00351142,F,18-25,4,C,4+,0,1,19091
1000162,P00010242,F,18-25,4,C,4+,0,5,8844
1000163,P00014742,M,18-25,4,A,1,0,11,1534
1000163,P00079442,M,18-25,4,A,1,0,8,3923
1000163,P00283942,M,18-25,4,A,1,0,5,3506
1000163,P00208942,M,18-25,4,A,1,0,6,4000
1000163,P00028242,M,18-25,4,A,1,0,6,4597
1000163,P00340642,M,18-25,4,A,1,0,5,3460
1000163,P00322342,M,18-25,4,A,1,0,5,3611
1000163,P00309142,M,18-25,4,A,1,0,1,8305
1000163,P00270942,M,18-25,4,A,1,0,1,12017
1000163,P00305142,M,18-25,4,A,1,0,1,11575
1000163,P00019342,M,18-25,4,A,1,0,1,11374
1000163,P00128042,M,18-25,4,A,1,0,1,15312
1000163,P00345642,M,18-25,4,A,1,0,1,8067
1000163,P00229742,M,18-25,4,A,1,0,1,11635
1000163,P00194642,M,18-25,4,A,1,0,1,8081
1000163,P00206442,M,18-25,4,A,1,0,1,3931
1000163,P00149542,M,18-25,4,A,1,0,1,4145
1000163,P00138242,M,18-25,4,A,1,0,1,3916
1000163,P00035242,M,18-25,4,A,1,0,8,4012
1000163,P00135842,M,18-25,4,A,1,0,5,3759
1000163,P00035742,M,18-25,4,A,1,0,11,2952
1000163,P00276642,M,18-25,4,A,1,0,8,4152
1000163,P00019142,M,18-25,4,A,1,0,11,3068
1000163,P00137642,M,18-25,4,A,1,0,3,5697
1000165,P00110942,M,18-25,16,A,1,0,1,11516
1000165,P00005042,M,18-25,16,A,1,0,6,19928
1000165,P00188442,M,18-25,16,A,1,0,5,6873
1000165,P00329542,M,18-25,16,A,1,0,1,15879
1000165,P00346342,M,18-25,16,A,1,0,1,11400
1000166,P00184942,M,18-25,4,B,1,1,1,12006
1000166,P00111042,M,18-25,4,B,1,1,15,16856
1000166,P00046742,M,18-25,4,B,1,1,1,15470
1000166,P00028842,M,18-25,4,B,1,1,6,15956
1000166,P00238442,M,18-25,4,B,1,1,6,19966
1000166,P00270242,M,18-25,4,B,1,1,8,7786
1000166,P00073842,M,18-25,4,B,1,1,1,15454
1000166,P00197342,M,18-25,4,B,1,1,1,7924
1000166,P00318142,M,18-25,4,B,1,1,2,9752
1000166,P00015542,M,18-25,4,B,1,1,1,11513
1000166,P00184142,M,18-25,4,B,1,1,8,8115
1000166,P00034742,M,18-25,4,B,1,1,5,8843
1000166,P00049642,M,18-25,4,B,1,1,8,9849
1000166,P00303642,M,18-25,4,B,1,1,8,9812
1000166,P00071442,M,18-25,4,B,1,1,15,16651
1000166,P00226442,M,18-25,4,B,1,1,11,3172
1000166,P00110542,M,18-25,4,B,1,1,8,9942
1000166,P00014542,M,18-25,4,B,1,1,8,5966
1000166,P0098542,M,18-25,4,B,1,1,8,6182
1000166,P00231142,M,18-25,4,B,1,1,5,5280
1000166,P00031542,M,18-25,4,B,1,1,5,5346
1000166,P00258742,M,18-25,4,B,1,1,5,8902
1000169,P00288042,M,26-35,7,B,3,0,8,7999
1000169,P00119142,M,26-35,7,B,3,0,3,5423
1000169,P00053842,M,26-35,7,B,3,0,4,1460
1000169,P00176042,M,26-35,7,B,3,0,8,6146
1000169,P00116142,M,26-35,7,B,3,0,10,9732
1000169,P00089442,M,26-35,7,B,3,0,8,7861
1000169,P00128942,M,26-35,7,B,3,0,1,15419
1000169,P00085442,M,26-35,7,B,3,0,12,1434
1000169,P00322042,M,26-35,7,B,3,0,5,6971
1000169,P00021742,M,26-35,7,B,3,0,5,7034
1000169,P00136542,M,26-35,7,B,3,0,5,7013
1000169,P00139942,M,26-35,7,B,3,0,5,6898
1000169,P00194442,M,26-35,7,B,3,0,5,5139
1000169,P00100642,M,26-35,7,B,3,0,5,5429
1000169,P00178442,M,26-35,7,B,3,0,5,5187
1000169,P00259342,M,26-35,7,B,3,0,5,8655
1000169,P00251342,M,26-35,7,B,3,0,5,5432
1000169,P00119742,M,26-35,7,B,3,0,5,7019
1000169,P00100842,M,26-35,7,B,3,0,5,6897
1000169,P00279642,M,26-35,7,B,3,0,7,8466
1000169,P00271142,M,26-35,7,B,3,0,5,8698
1000169,P00316742,M,26-35,7,B,3,0,4,2750
1000169,P00285742,M,26-35,7,B,3,0,8,8015
1000169,P00193542,M,26-35,7,B,3,0,1,19252
1000169,P00329342,M,26-35,7,B,3,0,5,5446
1000169,P00048142,M,26-35,7,B,3,0,1,15800
1000169,P00042942,M,26-35,7,B,3,0,1,15851
1000169,P00241242,M,26-35,7,B,3,0,1,15402
1000169,P00250542,M,26-35,7,B,3,0,4,1454
1000170,P00111142,M,26-35,11,C,1,1,1,19696
1000170,P00113342,M,26-35,11,C,1,1,1,15745
1000171,P00100442,F,51-55,17,B,1,1,2,16018
1000172,P00346542,M,26-35,3,C,2,0,10,14070
1000173,P00084642,M,26-35,0,B,1,1,13,759
1000173,P00279142,M,26-35,0,B,1,1,7,16590
1000173,P00028842,M,26-35,0,B,1,1,6,20537
1000173,P00256542,M,26-35,0,B,1,1,6,12662
1000173,P00272042,M,26-35,0,B,1,1,8,9960
1000173,P00057642,M,26-35,0,B,1,1,1,15351
1000173,P00126142,M,26-35,0,B,1,1,8,10013
1000173,P00348542,M,26-35,0,B,1,1,1,11598
1000173,P00304442,M,26-35,0,B,1,1,1,11563
1000173,P00370242,M,26-35,0,B,1,1,5,7184
1000173,P00310242,M,26-35,0,B,1,1,7,12739
1000173,P00350542,M,26-35,0,B,1,1,8,6085
1000173,P00318942,M,26-35,0,B,1,1,8,5909
1000173,P00323742,M,26-35,0,B,1,1,8,9786
1000173,P00150142,M,26-35,0,B,1,1,8,10074
1000173,P00062742,M,26-35,0,B,1,1,8,8051
1000173,P00367042,M,26-35,0,B,1,1,8,8062
1000173,P00070042,M,26-35,0,B,1,1,1,7861
1000173,P00129642,M,26-35,0,B,1,1,5,5173
1000173,P00211942,M,26-35,0,B,1,1,8,9825
1000173,P00213742,M,26-35,0,B,1,1,8,10064
1000173,P00252842,M,26-35,0,B,1,1,8,9845
1000173,P00341342,M,26-35,0,B,1,1,1,19472
1000173,P00117342,M,26-35,0,B,1,1,1,11693
1000173,P00050242,M,26-35,0,B,1,1,8,8053
1000173,P00039942,M,26-35,0,B,1,1,8,6078
1000173,P00044342,M,26-35,0,B,1,1,8,5962
1000174,P00062842,M,26-35,16,C,2,0,1,15828
1000174,P00332242,M,26-35,16,C,2,0,1,15864
1000174,P00112542,M,26-35,16,C,2,0,1,15864